<?xml version="1.0" encoding="utf-8"?>
<HarnessInformation>
  <Harness>
    <P Name="Name">state_machine_Harness1</P>
    <P Name="Description"/>
    <P Name="CreatedBy">dell</P>
    <P Name="CreatedOn">Sat May 04 03:38:33 2024</P>
    <P Name="ModifiedBy">dell</P>
    <P Name="LastSaved">Sat May 04 03:38:38 2024</P>
    <P Name="Owner">4</P>
    <P Name="OwnerType">SS_HARNESS</P>
    <P Name="OwnerPath">Function-Call
Subsystem</P>
    <P Name="Directory"/>
    <P Name="FileName">state_machine_Harness1.slx</P>
    <P Name="SavedVersion">10.3</P>
    <P Name="HarnessUUID">489c1f42-7bc3-468d-b0f1-e4044b0f03e0</P>
    <P Name="HarnessConnectionsMap">0,1,2,3,4,5,6,7,8|0,1|0,0,0,0||</P>
    <P Name="VerificationMode">0</P>
    <P Name="HarnessOwnerCheckSum">0,0,0,0</P>
    <P Name="RebuildOnOpen">false</P>
    <P Name="RebuildModelData">false</P>
    <P Name="Graphical">true</P>
    <P Name="DriveFcnCallWithTS">true</P>
    <P Name="ScheduleInitTermReset">false</P>
    <P Name="AutoShapeInputs">false</P>
    <P Name="SLDVCompatible">no</P>
    <P Name="SynchronizationMode">0</P>
    <P Name="IsImported">false</P>
    <P Name="PostRebuildCB"/>
    <P Name="IsCodeContext">false</P>
    <P Name="SchedulerBlock">1</P>
    <P Name="SourceTypeString">Test Sequence</P>
    <P Name="SinkTypeString">Test Assessment</P>
    <P Name="CustomSourcePath"/>
    <P Name="CustomSinkPath"/>
    <P Name="BlockSIDs">14|47|0|0|0|0|0</P>
    <P Name="OpenGraphs">||||state_machine_Harness1</P>
    <P Name="ExistingBuildFolder"/>
    <P Name="FunctionInterfaceName"/>
  </Harness>
  <Harness>
    <P Name="Name">state_machine_Harness2</P>
    <P Name="Description"/>
    <P Name="CreatedBy">dell</P>
    <P Name="CreatedOn">Sat May 04 03:39:54 2024</P>
    <P Name="ModifiedBy">dell</P>
    <P Name="LastSaved">Sat May 04 03:54:26 2024</P>
    <P Name="Owner">4</P>
    <P Name="OwnerType">SS_HARNESS</P>
    <P Name="OwnerPath">Function-Call
Subsystem</P>
    <P Name="Directory"/>
    <P Name="FileName">state_machine_Harness2.slx</P>
    <P Name="SavedVersion">10.3</P>
    <P Name="HarnessUUID">08c9a07c-5ce5-4fc3-bbf3-a8df46f6c88a</P>
    <P Name="HarnessConnectionsMap">0,1,2,3,4,5,6,7,8|0,1|0,0,0,0||</P>
    <P Name="VerificationMode">0</P>
    <P Name="HarnessOwnerCheckSum">0,0,0,0</P>
    <P Name="RebuildOnOpen">false</P>
    <P Name="RebuildModelData">false</P>
    <P Name="Graphical">true</P>
    <P Name="DriveFcnCallWithTS">true</P>
    <P Name="ScheduleInitTermReset">false</P>
    <P Name="AutoShapeInputs">false</P>
    <P Name="SLDVCompatible">no</P>
    <P Name="SynchronizationMode">0</P>
    <P Name="IsImported">false</P>
    <P Name="PostRebuildCB"/>
    <P Name="IsCodeContext">false</P>
    <P Name="SchedulerBlock">1</P>
    <P Name="SourceTypeString">Test Sequence</P>
    <P Name="SinkTypeString">Test Assessment</P>
    <P Name="CustomSourcePath"/>
    <P Name="CustomSinkPath"/>
    <P Name="BlockSIDs">14|47|0|0|0|0|0</P>
    <P Name="OpenGraphs">||||state_machine_Harness2/Function-Call
Subsystem||state_machine_Harness2/Input
Conversion
Subsystem||state_machine_Harness2/Input
Conversion
Subsystem/Fcn Call Generator1</P>
    <P Name="ExistingBuildFolder"/>
    <P Name="FunctionInterfaceName"/>
  </Harness>
  <Harness>
    <P Name="Name">state_machine_Harness3</P>
    <P Name="Description"/>
    <P Name="CreatedBy">dell</P>
    <P Name="CreatedOn">Sat May 04 03:55:38 2024</P>
    <P Name="ModifiedBy">dell</P>
    <P Name="LastSaved">Sat May 04 13:53:14 2024</P>
    <P Name="Owner">4</P>
    <P Name="OwnerType">SS_HARNESS</P>
    <P Name="OwnerPath">Function-Call
Subsystem</P>
    <P Name="Directory"/>
    <P Name="FileName">state_machine_Harness3.slx</P>
    <P Name="SavedVersion">10.3</P>
    <P Name="HarnessUUID">6652c7b5-3b15-496d-8b45-99b03093367a</P>
    <P Name="HarnessConnectionsMap">0,1,2,3,4,5,6,7,8|0,1|0,0,0,0||</P>
    <P Name="VerificationMode">0</P>
    <P Name="HarnessOwnerCheckSum">0,0,0,0</P>
    <P Name="RebuildOnOpen">false</P>
    <P Name="RebuildModelData">false</P>
    <P Name="Graphical">false</P>
    <P Name="DriveFcnCallWithTS">true</P>
    <P Name="ScheduleInitTermReset">false</P>
    <P Name="AutoShapeInputs">false</P>
    <P Name="SLDVCompatible">no</P>
    <P Name="SynchronizationMode">0</P>
    <P Name="IsImported">false</P>
    <P Name="PostRebuildCB"/>
    <P Name="IsCodeContext">false</P>
    <P Name="SchedulerBlock">1</P>
    <P Name="SourceTypeString">Test Sequence</P>
    <P Name="SinkTypeString">Test Assessment</P>
    <P Name="CustomSourcePath"/>
    <P Name="CustomSinkPath"/>
    <P Name="BlockSIDs">14|61|0|0|0|0|0</P>
    <P Name="OpenGraphs">||state_machine_Harness3</P>
    <P Name="ExistingBuildFolder"/>
    <P Name="FunctionInterfaceName"/>
  </Harness>
  <ModelMetadata>
    <P Name="ModelUUID">637432f9-a4b8-42e1-9400-8532f6925b77</P>
    <P Name="OwnerBDName">state_machine</P>
  </ModelMetadata>
</HarnessInformation>
