<?xml version="1.0" encoding="utf-8"?>
<HarnessInformation>
  <Harness>
    <P Name="Name">SVM_component_Harness7</P>
    <P Name="Description"/>
    <P Name="CreatedBy">dell</P>
    <P Name="CreatedOn">Thu May 02 23:03:05 2024</P>
    <P Name="ModifiedBy">dell</P>
    <P Name="LastSaved">Thu May 02 23:08:25 2024</P>
    <P Name="Owner">1</P>
    <P Name="OwnerType">SS_HARNESS</P>
    <P Name="OwnerPath">SVM_min_max</P>
    <P Name="Directory"/>
    <P Name="FileName">SVM_component_Harness7.slx</P>
    <P Name="SavedVersion">10.3</P>
    <P Name="HarnessUUID">9d46c26b-26b1-4858-9b40-8d71a2a12ca9</P>
    <P Name="HarnessConnectionsMap">0,1,2,3,4|0,1,2,3|0,0,0,0||</P>
    <P Name="VerificationMode">0</P>
    <P Name="HarnessOwnerCheckSum">0,0,0,0</P>
    <P Name="RebuildOnOpen">false</P>
    <P Name="RebuildModelData">false</P>
    <P Name="Graphical">false</P>
    <P Name="DriveFcnCallWithTS">true</P>
    <P Name="ScheduleInitTermReset">false</P>
    <P Name="AutoShapeInputs">false</P>
    <P Name="SLDVCompatible">no</P>
    <P Name="SynchronizationMode">0</P>
    <P Name="IsImported">false</P>
    <P Name="PostRebuildCB"/>
    <P Name="IsCodeContext">false</P>
    <P Name="SchedulerBlock">1</P>
    <P Name="SourceTypeString">Test Sequence</P>
    <P Name="SinkTypeString">Test Assessment</P>
    <P Name="CustomSourcePath"/>
    <P Name="CustomSinkPath"/>
    <P Name="BlockSIDs">12|45|0|0|0|0|0</P>
    <P Name="OpenGraphs">||SVM_component_Harness7</P>
    <P Name="ExistingBuildFolder"/>
    <P Name="FunctionInterfaceName"/>
  </Harness>
  <Harness>
    <P Name="Name">SVM_component_Harness8</P>
    <P Name="Description"/>
    <P Name="CreatedBy">dell</P>
    <P Name="CreatedOn">Thu May 02 23:18:03 2024</P>
    <P Name="ModifiedBy">dell</P>
    <P Name="LastSaved">Fri May 03 01:40:44 2024</P>
    <P Name="Owner">1</P>
    <P Name="OwnerType">SS_HARNESS</P>
    <P Name="OwnerPath">SVM_min_max</P>
    <P Name="Directory"/>
    <P Name="FileName">SVM_component_Harness8.slx</P>
    <P Name="SavedVersion">10.3</P>
    <P Name="HarnessUUID">7d9cab0d-6241-4a2b-a63d-115be77b13f2</P>
    <P Name="HarnessConnectionsMap">0,1,2,3,4|0,1,2,3|0,0,0,0||</P>
    <P Name="VerificationMode">0</P>
    <P Name="HarnessOwnerCheckSum">0,0,0,0</P>
    <P Name="RebuildOnOpen">false</P>
    <P Name="RebuildModelData">false</P>
    <P Name="Graphical">false</P>
    <P Name="DriveFcnCallWithTS">true</P>
    <P Name="ScheduleInitTermReset">false</P>
    <P Name="AutoShapeInputs">false</P>
    <P Name="SLDVCompatible">no</P>
    <P Name="SynchronizationMode">0</P>
    <P Name="IsImported">false</P>
    <P Name="PostRebuildCB"/>
    <P Name="IsCodeContext">false</P>
    <P Name="SchedulerBlock">1</P>
    <P Name="SourceTypeString">Test Sequence</P>
    <P Name="SinkTypeString">Test Assessment</P>
    <P Name="CustomSourcePath"/>
    <P Name="CustomSinkPath"/>
    <P Name="BlockSIDs">12|45|0|0|0|0|0</P>
    <P Name="OpenGraphs"/>
    <P Name="ExistingBuildFolder"/>
    <P Name="FunctionInterfaceName"/>
  </Harness>
  <Harness>
    <P Name="Name">SVM_component_Harness1</P>
    <P Name="Description"/>
    <P Name="CreatedBy">dell</P>
    <P Name="CreatedOn">Thu May 02 21:32:28 2024</P>
    <P Name="ModifiedBy">dell</P>
    <P Name="LastSaved">Thu May 02 21:32:33 2024</P>
    <P Name="Owner">bd</P>
    <P Name="OwnerType">BD_HARNESS</P>
    <P Name="OwnerPath">.</P>
    <P Name="Directory"/>
    <P Name="FileName">SVM_component_Harness1.slx</P>
    <P Name="SavedVersion">10.3</P>
    <P Name="HarnessUUID">0032394f-539b-4700-a14f-4836ea576051</P>
    <P Name="HarnessConnectionsMap">0,1,2,3,4,5||0,0,0,0||</P>
    <P Name="VerificationMode">0</P>
    <P Name="HarnessOwnerCheckSum">0,0,0,0</P>
    <P Name="RebuildOnOpen">false</P>
    <P Name="RebuildModelData">false</P>
    <P Name="Graphical">true</P>
    <P Name="DriveFcnCallWithTS">true</P>
    <P Name="ScheduleInitTermReset">false</P>
    <P Name="AutoShapeInputs">false</P>
    <P Name="SLDVCompatible">no</P>
    <P Name="SynchronizationMode">1</P>
    <P Name="IsImported">false</P>
    <P Name="PostRebuildCB"/>
    <P Name="IsCodeContext">false</P>
    <P Name="SchedulerBlock">0</P>
    <P Name="SourceTypeString">Test Sequence</P>
    <P Name="SinkTypeString">Test Assessment</P>
    <P Name="CustomSourcePath"/>
    <P Name="CustomSinkPath"/>
    <P Name="BlockSIDs">2|0|0|0|0|0|0</P>
    <P Name="OpenGraphs">||||SVM_component_Harness1</P>
    <P Name="ExistingBuildFolder"/>
    <P Name="FunctionInterfaceName"/>
  </Harness>
  <Harness>
    <P Name="Name">SVM_component_Harness2</P>
    <P Name="Description"/>
    <P Name="CreatedBy">dell</P>
    <P Name="CreatedOn">Thu May 02 21:34:20 2024</P>
    <P Name="ModifiedBy">dell</P>
    <P Name="LastSaved">Thu May 02 21:46:26 2024</P>
    <P Name="Owner">bd</P>
    <P Name="OwnerType">BD_HARNESS</P>
    <P Name="OwnerPath">.</P>
    <P Name="Directory"/>
    <P Name="FileName">SVM_component_Harness2.slx</P>
    <P Name="SavedVersion">10.3</P>
    <P Name="HarnessUUID">a7f636c8-f32d-4701-bf38-25706c47696a</P>
    <P Name="HarnessConnectionsMap">0,1,2,3,4,5|0,1,2,3|0,0,0,0||</P>
    <P Name="VerificationMode">0</P>
    <P Name="HarnessOwnerCheckSum">0,0,0,0</P>
    <P Name="RebuildOnOpen">false</P>
    <P Name="RebuildModelData">false</P>
    <P Name="Graphical">true</P>
    <P Name="DriveFcnCallWithTS">true</P>
    <P Name="ScheduleInitTermReset">false</P>
    <P Name="AutoShapeInputs">false</P>
    <P Name="SLDVCompatible">no</P>
    <P Name="SynchronizationMode">1</P>
    <P Name="IsImported">false</P>
    <P Name="PostRebuildCB"/>
    <P Name="IsCodeContext">false</P>
    <P Name="SchedulerBlock">0</P>
    <P Name="SourceTypeString">Test Sequence</P>
    <P Name="SinkTypeString">Test Assessment</P>
    <P Name="CustomSourcePath"/>
    <P Name="CustomSinkPath"/>
    <P Name="BlockSIDs">2|21|0|0|0|0|0</P>
    <P Name="OpenGraphs"/>
    <P Name="ExistingBuildFolder"/>
    <P Name="FunctionInterfaceName"/>
  </Harness>
  <Harness>
    <P Name="Name">SVM_component_Harness3</P>
    <P Name="Description"/>
    <P Name="CreatedBy">dell</P>
    <P Name="CreatedOn">Thu May 02 22:38:43 2024</P>
    <P Name="ModifiedBy">dell</P>
    <P Name="LastSaved">Thu May 02 22:38:47 2024</P>
    <P Name="Owner">bd</P>
    <P Name="OwnerType">BD_HARNESS</P>
    <P Name="OwnerPath">.</P>
    <P Name="Directory"/>
    <P Name="FileName">SVM_component_Harness3.slx</P>
    <P Name="SavedVersion">10.3</P>
    <P Name="HarnessUUID">606b3e85-f10f-4201-8dbf-ca9998b3beaf</P>
    <P Name="HarnessConnectionsMap">0,1,2,3,4||0,0,0,0||</P>
    <P Name="VerificationMode">0</P>
    <P Name="HarnessOwnerCheckSum">0,0,0,0</P>
    <P Name="RebuildOnOpen">false</P>
    <P Name="RebuildModelData">false</P>
    <P Name="Graphical">true</P>
    <P Name="DriveFcnCallWithTS">true</P>
    <P Name="ScheduleInitTermReset">false</P>
    <P Name="AutoShapeInputs">false</P>
    <P Name="SLDVCompatible">no</P>
    <P Name="SynchronizationMode">1</P>
    <P Name="IsImported">false</P>
    <P Name="PostRebuildCB"/>
    <P Name="IsCodeContext">false</P>
    <P Name="SchedulerBlock">0</P>
    <P Name="SourceTypeString">Test Sequence</P>
    <P Name="SinkTypeString">Test Assessment</P>
    <P Name="CustomSourcePath"/>
    <P Name="CustomSinkPath"/>
    <P Name="BlockSIDs">2|0|0|0|0|0|0</P>
    <P Name="OpenGraphs">||||SVM_component_Harness3</P>
    <P Name="ExistingBuildFolder"/>
    <P Name="FunctionInterfaceName"/>
  </Harness>
  <Harness>
    <P Name="Name">SVM_component_Harness4</P>
    <P Name="Description"/>
    <P Name="CreatedBy">dell</P>
    <P Name="CreatedOn">Thu May 02 22:39:13 2024</P>
    <P Name="ModifiedBy">dell</P>
    <P Name="LastSaved">Thu May 02 22:39:13 2024</P>
    <P Name="Owner">bd</P>
    <P Name="OwnerType">BD_HARNESS</P>
    <P Name="OwnerPath">.</P>
    <P Name="Directory"/>
    <P Name="FileName">SVM_component_Harness4.slx</P>
    <P Name="SavedVersion">10.3</P>
    <P Name="HarnessUUID">8c22ecf1-9f7f-4fbe-979d-6401dbe96f5c</P>
    <P Name="HarnessConnectionsMap">0,1,2,3,4||0,0,0,0||</P>
    <P Name="VerificationMode">0</P>
    <P Name="HarnessOwnerCheckSum">0,0,0,0</P>
    <P Name="RebuildOnOpen">false</P>
    <P Name="RebuildModelData">false</P>
    <P Name="Graphical">true</P>
    <P Name="DriveFcnCallWithTS">true</P>
    <P Name="ScheduleInitTermReset">false</P>
    <P Name="AutoShapeInputs">false</P>
    <P Name="SLDVCompatible">no</P>
    <P Name="SynchronizationMode">1</P>
    <P Name="IsImported">false</P>
    <P Name="PostRebuildCB"/>
    <P Name="IsCodeContext">false</P>
    <P Name="SchedulerBlock">0</P>
    <P Name="SourceTypeString">Inport</P>
    <P Name="SinkTypeString">Outport</P>
    <P Name="CustomSourcePath"/>
    <P Name="CustomSinkPath"/>
    <P Name="BlockSIDs">2|0|0|0|0|0|0</P>
    <P Name="OpenGraphs">||||SVM_component_Harness4</P>
    <P Name="ExistingBuildFolder"/>
    <P Name="FunctionInterfaceName"/>
  </Harness>
  <Harness>
    <P Name="Name">SVM_component_Harness5</P>
    <P Name="Description"/>
    <P Name="CreatedBy">dell</P>
    <P Name="CreatedOn">Thu May 02 22:40:01 2024</P>
    <P Name="ModifiedBy">dell</P>
    <P Name="LastSaved">Thu May 02 22:40:01 2024</P>
    <P Name="Owner">bd</P>
    <P Name="OwnerType">BD_HARNESS</P>
    <P Name="OwnerPath">.</P>
    <P Name="Directory"/>
    <P Name="FileName">SVM_component_Harness5.slx</P>
    <P Name="SavedVersion">10.3</P>
    <P Name="HarnessUUID">58a70af6-7bc4-455f-b382-c59538e1d807</P>
    <P Name="HarnessConnectionsMap">0,1,2,3,4|0,1,2,3|0,0,0,0||</P>
    <P Name="VerificationMode">0</P>
    <P Name="HarnessOwnerCheckSum">0,0,0,0</P>
    <P Name="RebuildOnOpen">false</P>
    <P Name="RebuildModelData">false</P>
    <P Name="Graphical">true</P>
    <P Name="DriveFcnCallWithTS">true</P>
    <P Name="ScheduleInitTermReset">false</P>
    <P Name="AutoShapeInputs">false</P>
    <P Name="SLDVCompatible">no</P>
    <P Name="SynchronizationMode">1</P>
    <P Name="IsImported">false</P>
    <P Name="PostRebuildCB"/>
    <P Name="IsCodeContext">false</P>
    <P Name="SchedulerBlock">0</P>
    <P Name="SourceTypeString">Inport</P>
    <P Name="SinkTypeString">Outport</P>
    <P Name="CustomSourcePath"/>
    <P Name="CustomSinkPath"/>
    <P Name="BlockSIDs">2|19|0|0|0|0|0</P>
    <P Name="OpenGraphs">||||SVM_component_Harness5</P>
    <P Name="ExistingBuildFolder"/>
    <P Name="FunctionInterfaceName"/>
  </Harness>
  <Harness>
    <P Name="Name">SVM_component_Harness6</P>
    <P Name="Description"/>
    <P Name="CreatedBy">dell</P>
    <P Name="CreatedOn">Thu May 02 22:40:25 2024</P>
    <P Name="ModifiedBy">dell</P>
    <P Name="LastSaved">Thu May 02 22:41:55 2024</P>
    <P Name="Owner">bd</P>
    <P Name="OwnerType">BD_HARNESS</P>
    <P Name="OwnerPath">.</P>
    <P Name="Directory"/>
    <P Name="FileName">SVM_component_Harness6.slx</P>
    <P Name="SavedVersion">10.3</P>
    <P Name="HarnessUUID">515611e1-addb-486b-b689-24a4855f4a45</P>
    <P Name="HarnessConnectionsMap">0,1,2,3,4|0,1,2,3|0,0,0,0||</P>
    <P Name="VerificationMode">0</P>
    <P Name="HarnessOwnerCheckSum">0,0,0,0</P>
    <P Name="RebuildOnOpen">false</P>
    <P Name="RebuildModelData">false</P>
    <P Name="Graphical">true</P>
    <P Name="DriveFcnCallWithTS">true</P>
    <P Name="ScheduleInitTermReset">false</P>
    <P Name="AutoShapeInputs">false</P>
    <P Name="SLDVCompatible">no</P>
    <P Name="SynchronizationMode">1</P>
    <P Name="IsImported">false</P>
    <P Name="PostRebuildCB"/>
    <P Name="IsCodeContext">false</P>
    <P Name="SchedulerBlock">0</P>
    <P Name="SourceTypeString">Test Sequence</P>
    <P Name="SinkTypeString">Test Assessment</P>
    <P Name="CustomSourcePath"/>
    <P Name="CustomSinkPath"/>
    <P Name="BlockSIDs">2|19|0|0|0|0|0</P>
    <P Name="OpenGraphs">||||SVM_component_Harness6</P>
    <P Name="ExistingBuildFolder"/>
    <P Name="FunctionInterfaceName"/>
  </Harness>
  <ModelMetadata>
    <P Name="ModelUUID">66161d58-9b9d-41cb-9522-0810ae7ca7f0</P>
    <P Name="OwnerBDName">SVM_component</P>
  </ModelMetadata>
</HarnessInformation>
